,circular_compactness,isoperimetric_quotient,isoareal_quotient,radii_ratio,diameter_ratio,fractal_dimension
circular_compactness,1.0,0.9353272134072976,0.8988012529331679,0.979216070458197,0.8647040247364312,-0.02865068192939391
isoperimetric_quotient,0.9353272134072976,1.0,0.9869867308304411,0.9554567118176757,0.7497792178060266,-0.03092777397282518
isoareal_quotient,0.8988012529331679,0.9869867308304411,1.0,0.9480288857096757,0.7166197657787596,-0.030549042759588342
radii_ratio,0.979216070458197,0.9554567118176757,0.9480288857096757,1.0,0.8481140660405411,-0.02993821010040984
diameter_ratio,0.8647040247364312,0.7497792178060266,0.7166197657787596,0.8481140660405411,1.0,-0.022091389340537587
fractal_dimension,-0.02865068192939391,-0.03092777397282518,-0.030549042759588342,-0.02993821010040984,-0.022091389340537587,1.0
