,circular_compactness,isoperimetric_quotient,isoareal_quotient,radii_ratio,diameter_ratio,fractal_dimension
circular_compactness,1.0,0.9514062507824371,0.9514062507824371,1.0000000000000002,0.8641853500205897,-0.9546876028577405
isoperimetric_quotient,0.9514062507824371,1.0,1.0,0.9514062507823509,0.7767992946638362,-0.9896456442963667
isoareal_quotient,0.9514062507824371,1.0,1.0,0.9514062507823509,0.7767992946638362,-0.9896456442963667
radii_ratio,1.0000000000000002,0.9514062507823509,0.9514062507823509,1.0,0.8641853500215432,-0.954687602857422
diameter_ratio,0.8641853500205897,0.7767992946638362,0.7767992946638362,0.8641853500215432,1.0,-0.7790195948029959
fractal_dimension,-0.9546876028577405,-0.9896456442963667,-0.9896456442963667,-0.954687602857422,-0.7790195948029959,1.0
